category;name;likes_amount;views_amount;ano_da_publicacao_feature;idade_do_usuario;faixa_etaria;sex;estado;cidade;nome_do_dia_publicacao_feature;nome_do_mes_publicacao_feature;pais
"Câmera";"Smartphone";"521";"79";"2021";"14";"Até 17";"Feminino";"Piauí";"Ladainha";"5";"11";"Brasil"
"Bateria";"Smartwatch";"197";"1417";"2023";"46";"Até 59";"Feminino";"São Paulo";"Matões";"3";"2";"Brasil"
"Bateria";"Smartwatch";"426";"356";"2023";"68";"Mais de 60";"Feminino";"Minas Gerais";"Vale do Sol";"5";"9";"Brasil"
"Bateria";"Smartphone";"458";"1043";"2023";"61";"Mais de 60";"Masculino";"Goiás";"Natalândia";"4";"1";"Brasil"
"Tela";"Smartwatch";"576";"250";"2022";"64";"Mais de 60";"Masculino";"Mato Grosso";"Onça de Pitangui";"5";"5";"Brasil"
"Câmera";"Headphone";"855";"188";"2021";"37";"Até 59";"Masculino";"Minas Gerais";"Três Pontas";"4";"11";"Brasil"
"Tela";"Smartwatch";"136";"1201";"2022";"33";"Até 35";"Masculino";"Goiás";"Messias";"1";"9";"Brasil"
"Tela";"Smartwatch";"518";"1408";"2023";"70";"Mais de 60";"Feminino";"Santa Catarina";"Nova Petrópolis";"2";"1";"Brasil"
"Bateria";"Smartwatch";"584";"377";"2023";"30";"Até 35";"Masculino";"Rio Grande do Norte";"Montividiu";"3";"7";"Brasil"
"Bateria";"Smartwatch";"145";"1147";"2022";"41";"Até 59";"Feminino";"Paraíba";"Salto de Pirapora";"5";"12";"Brasil"
"Tela";"Smartphone";"61";"328";"2023";"16";"Até 17";"Masculino";"Rio Grande do Sul";"Ribeirópolis";"1";"8";"Brasil"
"Câmera";"Headphone";"47";"1692";"2023";"40";"Até 59";"Masculino";"Pará";"Aporá";"6";"3";"Brasil"
"Bateria";"Headphone";"581";"1484";"2023";"28";"Até 35";"Masculino";"Roraima";"Jaqueira";"2";"5";"Brasil"
"Tela";"Headphone";"490";"1483";"2023";"54";"Até 59";"Feminino";"Paraná";"Barra Velha";"3";"1";"Brasil"
"Câmera";"Headphone";"672";"1246";"2022";"39";"Até 59";"Masculino";"Mato Grosso do Sul";"Itagi";"4";"8";"Brasil"
"Bateria";"Smartphone";"493";"849";"2022";"58";"Até 59";"Masculino";"São Paulo";"Adrianópolis";"2";"2";"Brasil"
"Câmera";"Smartwatch";"423";"515";"2023";"43";"Até 59";"Masculino";"Mato Grosso do Sul";"Silvânia";"4";"5";"Brasil"
"Câmera";"Smartphone";"338";"1697";"2022";"56";"Até 59";"Masculino";"Amazonas";"Carvalhópolis";"1";"8";"Brasil"
"Bateria";"Smartwatch";"499";"1657";"2022";"20";"Até 35";"Masculino";"Acre";"Assis Brasil";"3";"9";"Brasil"
"Bateria";"Smartphone";"654";"1106";"2022";"55";"Até 59";"Masculino";"Pernambuco";"Ribeirão Grande";"1";"10";"Brasil"
"Câmera";"Smartphone";"686";"1434";"2023";"59";"Até 59";"Feminino";"Bahia";"Chapadinha";"4";"9";"Brasil"
"Câmera";"Headphone";"30";"1611";"2023";"40";"Até 59";"Masculino";"Pará";"Aporá";"1";"7";"Brasil"
"Bateria";"Headphone";"91";"247";"2023";"49";"Até 59";"Feminino";"Minas Gerais";"Anápolis";"3";"6";"Brasil"
"Bateria";"Headphone";"415";"1510";"2022";"55";"Até 59";"Feminino";"Rio Grande do Sul";"Trombudo Central";"2";"3";"Brasil"
"Bateria";"Smartwatch";"583";"864";"2022";"14";"Até 17";"Feminino";"Piauí";"Ladainha";"1";"10";"Brasil"
"Câmera";"Smartwatch";"647";"398";"2022";"52";"Até 59";"Feminino";"Paraná";"Gonzaga";"6";"7";"Brasil"
"Bateria";"Headphone";"320";"855";"2023";"40";"Até 59";"Feminino";"Paraíba";"Itueta";"1";"10";"Brasil"
"Câmera";"Smartphone";"503";"801";"2023";"68";"Mais de 60";"Feminino";"Minas Gerais";"Vale do Sol";"1";"1";"Brasil"
"Tela";"Smartwatch";"91";"821";"2023";"69";"Mais de 60";"Masculino";"Paraíba";"São João do Manhuaçu";"6";"4";"Brasil"
"Tela";"Smartwatch";"726";"1298";"2023";"40";"Até 59";"Masculino";"Pará";"Aporá";"4";"8";"Brasil"
"Câmera";"Smartwatch";"189";"1638";"2023";"31";"Até 35";"Masculino";"Mato Grosso do Sul";"Hortolândia";"4";"3";"Brasil"
"Câmera";"Smartwatch";"476";"776";"2022";"31";"Até 35";"Feminino";"Maranhão";"São José da Varginha";"4";"12";"Brasil"
"Tela";"Headphone";"819";"417";"2023";"55";"Até 59";"Masculino";"Pernambuco";"Ribeirão Grande";"6";"8";"Brasil"
"Bateria";"Smartphone";"619";"1571";"2023";"37";"Até 59";"Masculino";"Minas Gerais";"Três Pontas";"6";"4";"Brasil"
"Tela";"Smartwatch";"64";"763";"2022";"17";"Até 17";"Feminino";"Maranhão";"Baião";"2";"2";"Brasil"
"Câmera";"Smartwatch";"676";"959";"2023";"69";"Mais de 60";"Masculino";"Paraíba";"São João do Manhuaçu";"4";"6";"Brasil"
"Bateria";"Smartwatch";"258";"648";"2022";"61";"Mais de 60";"Masculino";"Goiás";"Natalândia";"2";"5";"Brasil"
"Câmera";"Smartwatch";"131";"951";"2022";"14";"Até 17";"Feminino";"Ceará";"Serranópolis";"1";"11";"Brasil"
"Tela";"Smartwatch";"559";"40";"2022";"64";"Mais de 60";"Feminino";"Amapá";"Passa e Fica";"3";"12";"Brasil"
"Tela";"Headphone";"666";"560";"2022";"29";"Até 35";"Feminino";"Rio Grande do Sul";"Primavera do Leste";"6";"1";"Brasil"
"Câmera";"Smartphone";"178";"873";"2022";"45";"Até 59";"Feminino";"Amazonas";"Itupeva";"2";"1";"Brasil"
"Tela";"Smartwatch";"37";"1179";"2022";"58";"Até 59";"Masculino";"São Paulo";"Adrianópolis";"4";"6";"Brasil"
"Bateria";"Smartphone";"842";"498";"2023";"45";"Até 59";"Masculino";"Minas Gerais";"Salgado de São Félix";"1";"3";"Brasil"
"Tela";"Smartphone";"410";"758";"2021";"17";"Até 17";"Masculino";"Mato Grosso";"Santa Bárbara d`Oeste";"5";"12";"Brasil"
"Câmera";"Smartwatch";"581";"366";"2023";"15";"Até 17";"Feminino";"Sergipe";"Berilo";"1";"7";"Brasil"
"Bateria";"Headphone";"583";"940";"2023";"33";"Até 35";"Feminino";"Rio Grande do Norte";"Santa Maria das Barreiras";"6";"4";"Brasil"
"Bateria";"Smartphone";"630";"1730";"2022";"26";"Até 35";"Feminino";"Piauí";"Conceição do Jacuípe";"5";"12";"Brasil"
"Bateria";"Smartwatch";"596";"859";"2022";"39";"Até 59";"Feminino";"Rio de Janeiro";"Jerônimo Monteiro";"5";"7";"Brasil"
"Bateria";"Smartwatch";"26";"612";"2023";"70";"Mais de 60";"Masculino";"Rondônia";"Parintins";"2";"5";"Brasil"
"Bateria";"Smartwatch";"279";"1147";"2022";"38";"Até 59";"Feminino";"Paraná";"Matinhas";"6";"11";"Brasil"
"Câmera";"Headphone";"393";"1047";"2022";"40";"Até 59";"Masculino";"Piauí";"Santa Tereza do Tocantins";"3";"1";"Brasil"
"Câmera";"Smartwatch";"279";"783";"2023";"59";"Até 59";"Feminino";"Espírito Santo";"Carrasco Bonito";"3";"6";"Brasil"
"Bateria";"Smartwatch";"569";"1427";"2021";"22";"Até 35";"Feminino";"Roraima";"Coluna";"5";"12";"Brasil"
"Tela";"Smartphone";"169";"463";"2022";"40";"Até 59";"Masculino";"Tocantins";"Santo Antônio do Aventureiro";"4";"8";"Brasil"
"Bateria";"Smartwatch";"791";"321";"2022";"64";"Mais de 60";"Feminino";"Amapá";"Passa e Fica";"4";"11";"Brasil"
"Bateria";"Headphone";"92";"1075";"2023";"64";"Mais de 60";"Feminino";"Alagoas";"Acaraú";"1";"8";"Brasil"
"Tela";"Smartwatch";"812";"348";"2023";"26";"Até 35";"Feminino";"Paraíba";"Dona Emma";"4";"8";"Brasil"
"Bateria";"Headphone";"868";"685";"2023";"39";"Até 59";"Feminino";"Pernambuco";"Santa Maria de Itabira";"0";"9";"Brasil"
"Tela";"Smartphone";"585";"1371";"2021";"48";"Até 59";"Masculino";"Rio de Janeiro";"Capanema";"3";"10";"Brasil"
"Câmera";"Headphone";"457";"1251";"2023";"65";"Mais de 60";"Feminino";"Roraima";"Santo Antônio do Caiuá";"2";"1";"Brasil"
"Bateria";"Smartwatch";"123";"1102";"2021";"38";"Até 59";"Feminino";"Roraima";"Porto Esperidião";"1";"11";"Brasil"
"Bateria";"Smartwatch";"767";"1592";"2022";"15";"Até 17";"Feminino";"Goiás";"Serra";"6";"2";"Brasil"
"Bateria";"Smartwatch";"49";"1252";"2023";"65";"Mais de 60";"Masculino";"Distrito Federal";"Santa Fé do Sul";"5";"9";"Brasil"
"Câmera";"Smartwatch";"344";"747";"2023";"16";"Até 17";"Masculino";"Rio Grande do Sul";"Ribeirópolis";"6";"5";"Brasil"
"Bateria";"Smartwatch";"800";"1329";"2022";"56";"Até 59";"Feminino";"Paraná";"Ibicoara";"0";"11";"Brasil"
"Bateria";"Headphone";"606";"523";"2022";"34";"Até 35";"Masculino";"Mato Grosso do Sul";"Armazém";"4";"4";"Brasil"
"Tela";"Smartwatch";"335";"1294";"2022";"38";"Até 59";"Masculino";"Paraíba";"Turvo";"4";"10";"Brasil"
"Bateria";"Smartwatch";"301";"259";"2023";"56";"Até 59";"Masculino";"Paraná";"Mateus Leme";"5";"5";"Brasil"
"Bateria";"Headphone";"417";"182";"2022";"18";"Até 35";"Feminino";"São Paulo";"Vitória da Conquista";"1";"11";"Brasil"
"Tela";"Smartwatch";"437";"196";"2023";"18";"Até 35";"Feminino";"São Paulo";"Vitória da Conquista";"1";"1";"Brasil"
"Câmera";"Headphone";"679";"584";"2022";"34";"Até 35";"Masculino";"Mato Grosso do Sul";"Armazém";"4";"12";"Brasil"
"Bateria";"Smartwatch";"725";"1520";"2022";"39";"Até 59";"Masculino";"Alagoas";"Indiara";"0";"9";"Brasil"
"Bateria";"Headphone";"8";"1584";"2022";"17";"Até 17";"Feminino";"Rio Grande do Sul";"Laranjal Paulista";"0";"12";"Brasil"
"Câmera";"Smartwatch";"290";"51";"2021";"52";"Até 59";"Feminino";"Paraná";"Gonzaga";"1";"12";"Brasil"
"Tela";"Smartwatch";"642";"529";"2022";"46";"Até 59";"Feminino";"Sergipe";"Pedro Teixeira";"2";"12";"Brasil"
"Tela";"Headphone";"809";"1394";"2021";"68";"Mais de 60";"Feminino";"Minas Gerais";"Vale do Sol";"5";"12";"Brasil"
"Bateria";"Smartwatch";"98";"574";"2023";"67";"Mais de 60";"Masculino";"Espírito Santo";"Barro Alto";"2";"6";"Brasil"
"Tela";"Smartwatch";"176";"447";"2022";"64";"Mais de 60";"Masculino";"Mato Grosso";"Onça de Pitangui";"3";"3";"Brasil"
"Bateria";"Smartphone";"344";"337";"2023";"39";"Até 59";"Masculino";"Mato Grosso do Sul";"Itagi";"1";"5";"Brasil"
"Bateria";"Smartwatch";"397";"82";"2022";"56";"Até 59";"Feminino";"Paraná";"Ibicoara";"6";"4";"Brasil"
"Tela";"Smartphone";"819";"718";"2022";"58";"Até 59";"Feminino";"Sergipe";"Durandé";"2";"11";"Brasil"
"Tela";"Smartphone";"4";"1430";"2023";"37";"Até 59";"Masculino";"Minas Gerais";"Três Pontas";"5";"5";"Brasil"
"Câmera";"Headphone";"516";"868";"2022";"54";"Até 59";"Masculino";"Amapá";"Lavras do Sul";"5";"8";"Brasil"
"Bateria";"Smartwatch";"414";"1614";"2022";"50";"Até 59";"Masculino";"Paraná";"União dos Palmares";"4";"3";"Brasil"
"Tela";"Headphone";"59";"610";"2022";"30";"Até 35";"Masculino";"Rio Grande do Norte";"Montividiu";"5";"11";"Brasil"
"Câmera";"Headphone";"797";"1005";"2022";"69";"Mais de 60";"Masculino";"Paraíba";"São João do Manhuaçu";"1";"8";"Brasil"
"Bateria";"Smartphone";"585";"352";"2023";"52";"Até 59";"Feminino";"Paraná";"Gonzaga";"1";"4";"Brasil"
"Bateria";"Smartwatch";"94";"975";"2023";"17";"Até 17";"Feminino";"Rio Grande do Sul";"Laranjal Paulista";"2";"2";"Brasil"
"Câmera";"Smartphone";"502";"1701";"2022";"18";"Até 35";"Feminino";"São Paulo";"Vitória da Conquista";"6";"10";"Brasil"
"Câmera";"Headphone";"371";"290";"2021";"50";"Até 59";"Feminino";"São Paulo";"Moju";"4";"12";"Brasil"
"Bateria";"Smartwatch";"322";"1701";"2023";"49";"Até 59";"Feminino";"Ceará";"Cambira";"6";"2";"Brasil"
"Bateria";"Headphone";"333";"1195";"2021";"57";"Até 59";"Feminino";"Alagoas";"Tangará";"4";"12";"Brasil"
"Tela";"Headphone";"334";"1696";"2022";"70";"Mais de 60";"Feminino";"Rio Grande do Sul";"Itanhém";"1";"7";"Brasil"
"Tela";"Smartwatch";"702";"797";"2023";"59";"Até 59";"Feminino";"Bahia";"Chapadinha";"2";"8";"Brasil"
"Bateria";"Smartwatch";"414";"189";"2023";"65";"Mais de 60";"Masculino";"Distrito Federal";"Santa Fé do Sul";"3";"2";"Brasil"
"Bateria";"Smartwatch";"386";"80";"2022";"60";"Mais de 60";"Feminino";"Maranhão";"Nova Candelária";"1";"8";"Brasil"
"Tela";"Smartwatch";"250";"268";"2023";"33";"Até 35";"Masculino";"Goiás";"Messias";"0";"5";"Brasil"
"Bateria";"Smartwatch";"667";"886";"2022";"30";"Até 35";"Masculino";"Rio Grande do Norte";"Montividiu";"3";"3";"Brasil"
"Bateria";"Headphone";"746";"61";"2023";"49";"Até 59";"Feminino";"Rio de Janeiro";"Panorama";"1";"7";"Brasil"
"Bateria";"Headphone";"128";"285";"2022";"61";"Mais de 60";"Feminino";"Rio Grande do Norte";"Tocantínia";"2";"10";"Brasil"
"Bateria";"Headphone";"240";"690";"2023";"23";"Até 35";"Feminino";"Bahia";"Caldas";"6";"10";"Brasil"
"Bateria";"Smartwatch";"350";"1443";"2022";"20";"Até 35";"Feminino";"Sergipe";"Comendador Levy Gasparian";"1";"5";"Brasil"
"Câmera";"Smartphone";"693";"1379";"2021";"17";"Até 17";"Feminino";"Maranhão";"Baião";"6";"10";"Brasil"
"Tela";"Smartwatch";"224";"360";"2022";"31";"Até 35";"Feminino";"Maranhão";"São José da Varginha";"4";"11";"Brasil"
"Câmera";"Headphone";"463";"48";"2023";"65";"Mais de 60";"Feminino";"Roraima";"Santo Antônio do Caiuá";"4";"1";"Brasil"
"Câmera";"Headphone";"313";"1011";"2023";"20";"Até 35";"Feminino";"Sergipe";"Comendador Levy Gasparian";"4";"4";"Brasil"
"Tela";"Smartwatch";"386";"261";"2022";"40";"Até 59";"Masculino";"Piauí";"Santa Tereza do Tocantins";"6";"7";"Brasil"
"Tela";"Smartwatch";"688";"1097";"2022";"22";"Até 35";"Masculino";"Rio de Janeiro";"Silveira Martins";"0";"3";"Brasil"
"Bateria";"Headphone";"468";"1438";"2022";"26";"Até 35";"Feminino";"Paraíba";"Dona Emma";"1";"1";"Brasil"
"Câmera";"Smartwatch";"346";"438";"2021";"26";"Até 35";"Feminino";"Piauí";"Conceição do Jacuípe";"0";"11";"Brasil"
"Bateria";"Smartwatch";"816";"140";"2022";"34";"Até 35";"Masculino";"Mato Grosso do Sul";"Armazém";"0";"9";"Brasil"
"Bateria";"Smartphone";"460";"465";"2021";"55";"Até 59";"Feminino";"Paraná";"Bofete";"4";"11";"Brasil"
"Bateria";"Headphone";"733";"1470";"2021";"55";"Até 59";"Feminino";"Rio Grande do Sul";"Trombudo Central";"3";"11";"Brasil"
"Tela";"Smartwatch";"461";"1591";"2022";"36";"Até 59";"Feminino";"Ceará";"Céu Azul";"5";"6";"Brasil"
"Bateria";"Smartwatch";"146";"1392";"2022";"41";"Até 59";"Feminino";"Santa Catarina";"Jeremoabo";"6";"2";"Brasil"
"Câmera";"Smartphone";"148";"1050";"2022";"56";"Até 59";"Feminino";"Ceará";"Porciúncula";"5";"3";"Brasil"
"Bateria";"Smartphone";"38";"159";"2023";"27";"Até 35";"Masculino";"Amazonas";"Governador Mangabeira";"3";"6";"Brasil"
"Bateria";"Smartphone";"212";"1413";"2022";"19";"Até 35";"Masculino";"Rondônia";"São Carlos";"2";"5";"Brasil"
"Câmera";"Headphone";"48";"1615";"2021";"17";"Até 17";"Masculino";"Santa Catarina";"Campinorte";"0";"11";"Brasil"
"Bateria";"Smartphone";"395";"1020";"2022";"40";"Até 59";"Masculino";"Minas Gerais";"Rio Branco";"2";"5";"Brasil"
"Tela";"Smartwatch";"855";"382";"2021";"27";"Até 35";"Feminino";"Espírito Santo";"Ritápolis";"3";"10";"Brasil"
"Bateria";"Smartwatch";"490";"186";"2021";"17";"Até 17";"Feminino";"Maranhão";"Baião";"3";"10";"Brasil"
"Bateria";"Smartwatch";"77";"1726";"2021";"59";"Até 59";"Feminino";"Bahia";"Chapadinha";"0";"12";"Brasil"
"Tela";"Smartphone";"212";"269";"2022";"25";"Até 35";"Feminino";"São Paulo";"Serrolândia";"6";"5";"Brasil"
"Câmera";"Smartphone";"846";"1004";"2021";"67";"Mais de 60";"Masculino";"Espírito Santo";"Barro Alto";"5";"12";"Brasil"
"Tela";"Headphone";"61";"838";"2022";"18";"Até 35";"Feminino";"São Paulo";"Vitória da Conquista";"1";"5";"Brasil"
"Bateria";"Headphone";"683";"119";"2022";"56";"Até 59";"Feminino";"Paraná";"Ibicoara";"6";"4";"Brasil"
"Tela";"Smartphone";"163";"308";"2023";"55";"Até 59";"Masculino";"Pernambuco";"Ribeirão Grande";"1";"9";"Brasil"
"Tela";"Headphone";"216";"1239";"2023";"54";"Até 59";"Masculino";"Amapá";"Lavras do Sul";"6";"7";"Brasil"
"Tela";"Smartwatch";"484";"925";"2022";"15";"Até 17";"Feminino";"Sergipe";"Berilo";"5";"6";"Brasil"
"Tela";"Smartphone";"859";"766";"2023";"54";"Até 59";"Feminino";"Amapá";"São Francisco do Conde";"2";"9";"Brasil"
"Tela";"Smartwatch";"561";"1411";"2023";"49";"Até 59";"Feminino";"Ceará";"Cambira";"2";"2";"Brasil"
"Bateria";"Smartwatch";"781";"1173";"2022";"52";"Até 59";"Feminino";"Paraná";"Gonzaga";"4";"3";"Brasil"
"Tela";"Smartphone";"40";"209";"2023";"64";"Mais de 60";"Feminino";"Alagoas";"Acaraú";"5";"3";"Brasil"
"Bateria";"Smartwatch";"207";"140";"2022";"59";"Até 59";"Feminino";"Bahia";"Chapadinha";"4";"3";"Brasil"
"Câmera";"Smartphone";"780";"1353";"2023";"64";"Mais de 60";"Feminino";"Amapá";"Passa e Fica";"3";"1";"Brasil"
"Bateria";"Smartphone";"358";"54";"2021";"17";"Até 17";"Masculino";"Santa Catarina";"Campinorte";"4";"12";"Brasil"
"Câmera";"Smartwatch";"547";"280";"2022";"50";"Até 59";"Masculino";"Paraná";"União dos Palmares";"6";"2";"Brasil"
"Bateria";"Smartphone";"699";"395";"2023";"28";"Até 35";"Feminino";"Mato Grosso";"Água Fria";"6";"8";"Brasil"
"Tela";"Headphone";"245";"812";"2022";"45";"Até 59";"Masculino";"Goiás";"Virgínia";"6";"10";"Brasil"
"Câmera";"Smartphone";"229";"1688";"2022";"27";"Até 35";"Feminino";"Espírito Santo";"Ritápolis";"5";"12";"Brasil"
"Tela";"Headphone";"359";"45";"2022";"59";"Até 59";"Feminino";"Paraná";"Tamboara";"6";"7";"Brasil"
"Tela";"Smartwatch";"616";"1699";"2022";"54";"Até 59";"Feminino";"Paraná";"Barra Velha";"4";"3";"Brasil"
"Tela";"Smartwatch";"709";"1147";"2021";"40";"Até 59";"Masculino";"Minas Gerais";"Rio Branco";"3";"12";"Brasil"
"Câmera";"Smartphone";"218";"1605";"2022";"22";"Até 35";"Feminino";"Roraima";"Coluna";"2";"4";"Brasil"
"Bateria";"Headphone";"634";"1284";"2023";"50";"Até 59";"Feminino";"São Paulo";"Moju";"1";"2";"Brasil"
"Bateria";"Smartwatch";"262";"576";"2022";"62";"Mais de 60";"Feminino";"Paraíba";"Telha";"4";"4";"Brasil"
"Tela";"Headphone";"444";"1378";"2023";"28";"Até 35";"Masculino";"Roraima";"Jaqueira";"0";"3";"Brasil"
"Bateria";"Smartwatch";"736";"409";"2022";"70";"Mais de 60";"Feminino";"Rio Grande do Sul";"Itanhém";"2";"5";"Brasil"
"Bateria";"Smartwatch";"439";"1650";"2022";"40";"Até 59";"Masculino";"Pará";"Aporá";"5";"8";"Brasil"
"Câmera";"Headphone";"321";"1189";"2022";"23";"Até 35";"Feminino";"Paraíba";"Sapopema";"4";"8";"Brasil"
"Bateria";"Smartwatch";"27";"993";"2021";"49";"Até 59";"Feminino";"Rio de Janeiro";"Panorama";"5";"10";"Brasil"
"Tela";"Smartphone";"482";"814";"2021";"40";"Até 59";"Masculino";"Piauí";"Santa Tereza do Tocantins";"5";"11";"Brasil"
"Bateria";"Smartwatch";"358";"589";"2022";"39";"Até 59";"Feminino";"Pernambuco";"Santa Maria de Itabira";"6";"10";"Brasil"
"Bateria";"Smartwatch";"496";"408";"2022";"59";"Até 59";"Feminino";"Amazonas";"Sambaíba";"0";"5";"Brasil"
"Bateria";"Smartphone";"444";"892";"2023";"39";"Até 59";"Masculino";"Alagoas";"Indiara";"1";"8";"Brasil"
"Bateria";"Smartwatch";"329";"1063";"2022";"64";"Mais de 60";"Feminino";"Amapá";"Passa e Fica";"1";"10";"Brasil"
"Câmera";"Headphone";"357";"1090";"2022";"35";"Até 35";"Masculino";"Maranhão";"Moita Bonita";"3";"10";"Brasil"
"Bateria";"Smartwatch";"146";"176";"2022";"52";"Até 59";"Feminino";"Paraná";"Gonzaga";"2";"8";"Brasil"
"Câmera";"Smartwatch";"818";"189";"2022";"22";"Até 35";"Feminino";"Amazonas";"Nova Iorque";"3";"1";"Brasil"
"Bateria";"Smartwatch";"38";"1607";"2022";"27";"Até 35";"Feminino";"Espírito Santo";"Ritápolis";"1";"10";"Brasil"
"Tela";"Smartwatch";"640";"1276";"2022";"63";"Mais de 60";"Masculino";"Rondônia";"Pirapetinga";"1";"3";"Brasil"
"Câmera";"Smartphone";"226";"741";"2023";"46";"Até 59";"Feminino";"Sergipe";"Pedro Teixeira";"2";"6";"Brasil"
"Bateria";"Smartwatch";"388";"211";"2022";"39";"Até 59";"Feminino";"Pernambuco";"Santa Maria de Itabira";"0";"9";"Brasil"
"Tela";"Smartwatch";"77";"1319";"2022";"46";"Até 59";"Feminino";"Sergipe";"Pedro Teixeira";"5";"1";"Brasil"
"Câmera";"Smartphone";"649";"587";"2023";"64";"Mais de 60";"Masculino";"Mato Grosso";"Onça de Pitangui";"4";"2";"Brasil"
"Bateria";"Smartwatch";"476";"1477";"2023";"56";"Até 59";"Feminino";"Paraná";"Ibicoara";"6";"3";"Brasil"
"Tela";"Headphone";"4";"418";"2022";"68";"Mais de 60";"Feminino";"Minas Gerais";"Vale do Sol";"6";"12";"Brasil"
"Bateria";"Headphone";"736";"1534";"2022";"62";"Mais de 60";"Feminino";"Paraíba";"Telha";"6";"11";"Brasil"
"Bateria";"Headphone";"212";"571";"2021";"70";"Mais de 60";"Feminino";"Santa Catarina";"Nova Petrópolis";"1";"10";"Brasil"
"Tela";"Smartwatch";"16";"985";"2022";"63";"Mais de 60";"Masculino";"Rondônia";"Pirapetinga";"1";"6";"Brasil"
"Bateria";"Smartwatch";"614";"815";"2022";"58";"Até 59";"Feminino";"Sergipe";"Durandé";"5";"8";"Brasil"
"Bateria";"Headphone";"482";"825";"2021";"70";"Mais de 60";"Masculino";"Rondônia";"Parintins";"4";"10";"Brasil"
"Bateria";"Headphone";"435";"878";"2022";"48";"Até 59";"Masculino";"Rio de Janeiro";"Capanema";"6";"12";"Brasil"
"Câmera";"Smartwatch";"388";"176";"2022";"27";"Até 35";"Feminino";"Espírito Santo";"Ritápolis";"1";"6";"Brasil"
"Bateria";"Smartwatch";"173";"1447";"2022";"70";"Mais de 60";"Masculino";"Rondônia";"Parintins";"0";"3";"Brasil"
"Bateria";"Headphone";"181";"66";"2022";"18";"Até 35";"Feminino";"São Paulo";"Vitória da Conquista";"5";"8";"Brasil"
"Bateria";"Smartwatch";"867";"427";"2022";"57";"Até 59";"Feminino";"Alagoas";"Tangará";"0";"9";"Brasil"
"Câmera";"Smartphone";"556";"955";"2022";"70";"Mais de 60";"Feminino";"Rio Grande do Sul";"São João";"3";"7";"Brasil"
"Câmera";"Headphone";"199";"662";"2023";"68";"Mais de 60";"Feminino";"Minas Gerais";"Vale do Sol";"0";"7";"Brasil"
"Bateria";"Smartwatch";"753";"1454";"2022";"59";"Até 59";"Feminino";"Bahia";"Chapadinha";"4";"9";"Brasil"
"Bateria";"Smartphone";"550";"942";"2023";"40";"Até 59";"Masculino";"Piauí";"Santa Tereza do Tocantins";"1";"6";"Brasil"
"Câmera";"Smartwatch";"92";"336";"2022";"70";"Mais de 60";"Masculino";"Rondônia";"Parintins";"2";"11";"Brasil"
"Câmera";"Smartphone";"474";"1463";"2022";"56";"Até 59";"Masculino";"Paraná";"Mateus Leme";"0";"1";"Brasil"
"Câmera";"Smartwatch";"159";"65";"2022";"61";"Mais de 60";"Feminino";"Rio Grande do Norte";"Tocantínia";"5";"12";"Brasil"
"Câmera";"Smartwatch";"332";"1020";"2021";"70";"Mais de 60";"Feminino";"Rio Grande do Sul";"São João";"6";"11";"Brasil"
"Bateria";"Smartwatch";"441";"923";"2023";"40";"Até 59";"Masculino";"Piauí";"Santa Tereza do Tocantins";"3";"6";"Brasil"
"Bateria";"Smartwatch";"184";"639";"2022";"45";"Até 59";"Feminino";"Amazonas";"Itupeva";"4";"2";"Brasil"
"Câmera";"Headphone";"780";"590";"2023";"15";"Até 17";"Feminino";"Goiás";"Serra";"4";"6";"Brasil"
"Câmera";"Headphone";"356";"553";"2022";"69";"Mais de 60";"Masculino";"Paraíba";"São João do Manhuaçu";"1";"2";"Brasil"
"Bateria";"Headphone";"750";"110";"2023";"69";"Mais de 60";"Masculino";"Paraíba";"São João do Manhuaçu";"5";"9";"Brasil"
"Câmera";"Smartphone";"140";"452";"2023";"69";"Mais de 60";"Masculino";"Paraíba";"São João do Manhuaçu";"6";"4";"Brasil"
"Bateria";"Smartphone";"31";"650";"2022";"17";"Até 17";"Masculino";"Mato Grosso";"Santa Bárbara d`Oeste";"1";"12";"Brasil"
"Câmera";"Smartphone";"450";"1481";"2023";"45";"Até 59";"Masculino";"Goiás";"Virgínia";"0";"6";"Brasil"
"Tela";"Headphone";"650";"144";"2022";"23";"Até 35";"Feminino";"Bahia";"Caldas";"1";"8";"Brasil"
"Bateria";"Smartwatch";"12";"185";"2022";"38";"Até 59";"Feminino";"Amazonas";"Alto Paraíso de Goiás";"4";"2";"Brasil"
"Bateria";"Smartwatch";"462";"1547";"2023";"31";"Até 35";"Feminino";"Ceará";"Iomerê";"3";"2";"Brasil"
"Bateria";"Smartwatch";"22";"1645";"2022";"15";"Até 17";"Feminino";"Sergipe";"Berilo";"4";"7";"Brasil"
"Bateria";"Smartwatch";"681";"1583";"2022";"61";"Mais de 60";"Feminino";"São Paulo";"Araçariguama";"0";"9";"Brasil"
"Câmera";"Smartwatch";"57";"959";"2021";"61";"Mais de 60";"Feminino";"São Paulo";"Araçariguama";"4";"12";"Brasil"
"Bateria";"Smartwatch";"757";"1541";"2023";"35";"Até 35";"Masculino";"Maranhão";"Moita Bonita";"2";"4";"Brasil"
"Bateria";"Smartwatch";"291";"1593";"2022";"65";"Mais de 60";"Feminino";"Roraima";"Santo Antônio do Caiuá";"3";"10";"Brasil"
"Tela";"Smartphone";"683";"291";"2023";"44";"Até 59";"Feminino";"Minas Gerais";"Jupiá";"4";"7";"Brasil"
"Bateria";"Headphone";"532";"778";"2022";"23";"Até 35";"Feminino";"Paraíba";"Sapopema";"1";"2";"Brasil"
"Bateria";"Smartwatch";"126";"856";"2022";"25";"Até 35";"Feminino";"Paraná";"Itaverava";"1";"12";"Brasil"
"Tela";"Smartwatch";"304";"1737";"2023";"59";"Até 59";"Feminino";"Paraná";"Tamboara";"1";"8";"Brasil"
"Bateria";"Smartwatch";"423";"625";"2023";"58";"Até 59";"Feminino";"Sergipe";"Durandé";"3";"4";"Brasil"
"Câmera";"Headphone";"688";"1243";"2022";"64";"Mais de 60";"Feminino";"Amapá";"Passa e Fica";"4";"4";"Brasil"
"Bateria";"Smartwatch";"94";"565";"2023";"45";"Até 59";"Feminino";"São Paulo";"Carmo do Rio Verde";"1";"8";"Brasil"
"Câmera";"Headphone";"39";"1111";"2022";"17";"Até 17";"Feminino";"Rio Grande do Sul";"Laranjal Paulista";"5";"4";"Brasil"
"Câmera";"Smartwatch";"42";"495";"2023";"48";"Até 59";"Masculino";"Rio de Janeiro";"Capanema";"0";"5";"Brasil"
"Câmera";"Headphone";"843";"156";"2023";"56";"Até 59";"Feminino";"Ceará";"Porciúncula";"3";"2";"Brasil"
"Tela";"Smartwatch";"138";"1075";"2023";"29";"Até 35";"Feminino";"Rio Grande do Sul";"Primavera do Leste";"5";"9";"Brasil"
"Bateria";"Smartwatch";"749";"606";"2022";"40";"Até 59";"Masculino";"Piauí";"Santa Tereza do Tocantins";"4";"10";"Brasil"
"Bateria";"Smartwatch";"621";"227";"2022";"32";"Até 35";"Masculino";"Bahia";"Princesa";"4";"8";"Brasil"
"Bateria";"Smartphone";"384";"1635";"2022";"56";"Até 59";"Feminino";"Ceará";"Porciúncula";"4";"7";"Brasil"
"Bateria";"Smartphone";"710";"503";"2022";"18";"Até 35";"Feminino";"São Paulo";"Vitória da Conquista";"1";"1";"Brasil"
"Tela";"Headphone";"390";"1167";"2022";"64";"Mais de 60";"Feminino";"Alagoas";"Acaraú";"3";"8";"Brasil"
"Tela";"Smartphone";"617";"1524";"2022";"17";"Até 17";"Masculino";"Santa Catarina";"Campinorte";"5";"10";"Brasil"
"Câmera";"Headphone";"575";"219";"2023";"38";"Até 59";"Masculino";"Paraíba";"Turvo";"6";"6";"Brasil"
"Câmera";"Smartphone";"539";"1697";"2023";"40";"Até 59";"Masculino";"Piauí";"Santa Tereza do Tocantins";"0";"4";"Brasil"
"Câmera";"Smartphone";"605";"1647";"2022";"41";"Até 59";"Feminino";"Santa Catarina";"Jeremoabo";"1";"8";"Brasil"
"Câmera";"Smartphone";"365";"94";"2022";"46";"Até 59";"Feminino";"Sergipe";"Pedro Teixeira";"6";"5";"Brasil"
"Bateria";"Headphone";"134";"1146";"2022";"27";"Até 35";"Masculino";"Amazonas";"Governador Mangabeira";"4";"4";"Brasil"
"Bateria";"Headphone";"633";"552";"2022";"17";"Até 17";"Masculino";"Mato Grosso";"Santa Bárbara d`Oeste";"0";"10";"Brasil"
"Câmera";"Smartwatch";"387";"346";"2023";"55";"Até 59";"Masculino";"Pernambuco";"Ribeirão Grande";"6";"5";"Brasil"
"Tela";"Smartwatch";"267";"1271";"2022";"17";"Até 17";"Feminino";"Maranhão";"Baião";"3";"1";"Brasil"
"Bateria";"Smartwatch";"605";"56";"2022";"18";"Até 35";"Feminino";"São Paulo";"Vitória da Conquista";"0";"1";"Brasil"
"Câmera";"Headphone";"560";"413";"2023";"49";"Até 59";"Feminino";"Rio de Janeiro";"Panorama";"1";"9";"Brasil"
"Câmera";"Smartwatch";"454";"1557";"2022";"20";"Até 35";"Feminino";"Ceará";"Linhares";"0";"1";"Brasil"
"Tela";"Smartwatch";"835";"1582";"2023";"58";"Até 59";"Feminino";"Sergipe";"Durandé";"5";"7";"Brasil"
"Câmera";"Smartwatch";"706";"1335";"2022";"68";"Mais de 60";"Feminino";"Minas Gerais";"Vale do Sol";"6";"8";"Brasil"
"Bateria";"Headphone";"524";"223";"2021";"20";"Até 35";"Feminino";"Ceará";"Linhares";"6";"10";"Brasil"
"Tela";"Smartphone";"213";"1703";"2023";"28";"Até 35";"Masculino";"Roraima";"Jaqueira";"6";"4";"Brasil"
"Câmera";"Smartphone";"36";"584";"2023";"17";"Até 17";"Masculino";"Santa Catarina";"Campinorte";"0";"7";"Brasil"
"Bateria";"Smartwatch";"673";"802";"2021";"70";"Mais de 60";"Feminino";"Santa Catarina";"Nova Petrópolis";"4";"12";"Brasil"
"Câmera";"Headphone";"86";"1436";"2023";"33";"Até 35";"Masculino";"Goiás";"Messias";"2";"8";"Brasil"
"Câmera";"Smartwatch";"443";"752";"2023";"18";"Até 35";"Masculino";"Rio de Janeiro";"Itabela";"5";"6";"Brasil"
"Câmera";"Smartphone";"24";"1134";"2023";"20";"Até 35";"Feminino";"Sergipe";"Comendador Levy Gasparian";"3";"1";"Brasil"
"Bateria";"Smartwatch";"794";"419";"2023";"17";"Até 17";"Feminino";"Rio Grande do Sul";"Laranjal Paulista";"0";"2";"Brasil"
"Bateria";"Smartphone";"745";"1671";"2022";"49";"Até 59";"Feminino";"Ceará";"Cambira";"5";"6";"Brasil"
"Bateria";"Smartwatch";"443";"254";"2023";"69";"Mais de 60";"Masculino";"Paraíba";"São João do Manhuaçu";"4";"7";"Brasil"
"Câmera";"Headphone";"360";"1560";"2022";"70";"Mais de 60";"Feminino";"Paraná";"Piracuruca";"3";"8";"Brasil"
"Bateria";"Headphone";"676";"1698";"2023";"45";"Até 59";"Feminino";"Ceará";"Barra de Guabiraba";"2";"7";"Brasil"
"Tela";"Headphone";"705";"426";"2023";"29";"Até 35";"Feminino";"Rio Grande do Sul";"Primavera do Leste";"3";"9";"Brasil"
"Bateria";"Smartwatch";"269";"820";"2023";"20";"Até 35";"Feminino";"Ceará";"Linhares";"0";"4";"Brasil"
"Câmera";"Headphone";"525";"620";"2023";"45";"Até 59";"Masculino";"Goiás";"Virgínia";"1";"7";"Brasil"
"Câmera";"Smartwatch";"316";"455";"2023";"33";"Até 35";"Masculino";"Goiás";"Messias";"1";"2";"Brasil"
"Bateria";"Headphone";"296";"1143";"2023";"31";"Até 35";"Feminino";"Maranhão";"São José da Varginha";"2";"1";"Brasil"
"Tela";"Headphone";"278";"1305";"2022";"56";"Até 59";"Masculino";"Amazonas";"Carvalhópolis";"2";"9";"Brasil"
"Tela";"Smartwatch";"53";"43";"2022";"39";"Até 59";"Feminino";"Rio de Janeiro";"Jerônimo Monteiro";"2";"9";"Brasil"
"Bateria";"Smartwatch";"760";"456";"2023";"66";"Mais de 60";"Masculino";"Santa Catarina";"Capitólio";"1";"5";"Brasil"
"Bateria";"Headphone";"811";"953";"2022";"38";"Até 59";"Feminino";"Paraná";"Matinhas";"4";"12";"Brasil"
"Bateria";"Smartwatch";"864";"1641";"2021";"39";"Até 59";"Masculino";"Alagoas";"Indiara";"4";"12";"Brasil"
"Câmera";"Headphone";"44";"1287";"2022";"29";"Até 35";"Masculino";"Rio Grande do Norte";"Santa Cruz do Piauí";"0";"12";"Brasil"
"Tela";"Headphone";"485";"420";"2023";"35";"Até 35";"Masculino";"Maranhão";"Moita Bonita";"0";"8";"Brasil"
"Tela";"Headphone";"370";"735";"2023";"61";"Mais de 60";"Feminino";"São Paulo";"Araçariguama";"3";"7";"Brasil"
"Bateria";"Smartphone";"783";"429";"2023";"23";"Até 35";"Feminino";"Bahia";"Caldas";"4";"8";"Brasil"
"Bateria";"Headphone";"54";"1206";"2022";"32";"Até 35";"Masculino";"Bahia";"Princesa";"0";"6";"Brasil"
"Bateria";"Smartwatch";"461";"1577";"2022";"65";"Mais de 60";"Feminino";"Roraima";"Santo Antônio do Caiuá";"3";"1";"Brasil"
"Bateria";"Smartwatch";"10";"53";"2023";"17";"Até 17";"Masculino";"Mato Grosso do Sul";"Vera Cruz";"2";"5";"Brasil"
"Bateria";"Smartphone";"477";"998";"2023";"56";"Até 59";"Feminino";"Ceará";"Porciúncula";"0";"1";"Brasil"
"Tela";"Smartwatch";"72";"698";"2022";"37";"Até 59";"Masculino";"Minas Gerais";"Três Pontas";"1";"4";"Brasil"
"Bateria";"Headphone";"364";"532";"2023";"45";"Até 59";"Feminino";"Amazonas";"Itupeva";"2";"7";"Brasil"
"Bateria";"Smartwatch";"664";"672";"2022";"19";"Até 35";"Masculino";"Rondônia";"São Carlos";"0";"10";"Brasil"
"Bateria";"Smartwatch";"180";"1122";"2022";"49";"Até 59";"Feminino";"Ceará";"Cambira";"0";"5";"Brasil"
"Bateria";"Smartwatch";"707";"1748";"2023";"27";"Até 35";"Feminino";"Espírito Santo";"Ritápolis";"5";"1";"Brasil"
"Câmera";"Smartphone";"390";"209";"2022";"22";"Até 35";"Feminino";"Amazonas";"Nova Iorque";"4";"7";"Brasil"
"Bateria";"Smartphone";"356";"1471";"2022";"17";"Até 17";"Masculino";"Mato Grosso";"Santa Bárbara d`Oeste";"6";"1";"Brasil"
"Câmera";"Smartwatch";"163";"651";"2021";"56";"Até 59";"Feminino";"Paraná";"Ibicoara";"3";"12";"Brasil"
"Câmera";"Smartwatch";"115";"827";"2022";"63";"Mais de 60";"Masculino";"Rondônia";"Pirapetinga";"6";"2";"Brasil"
"Bateria";"Headphone";"623";"1299";"2022";"40";"Até 59";"Masculino";"Minas Gerais";"Rio Branco";"2";"11";"Brasil"
"Câmera";"Headphone";"552";"819";"2023";"70";"Mais de 60";"Feminino";"Rio Grande do Sul";"São João";"4";"3";"Brasil"
"Bateria";"Smartwatch";"48";"1071";"2023";"27";"Até 35";"Masculino";"Amazonas";"Governador Mangabeira";"2";"9";"Brasil"
"Câmera";"Smartphone";"727";"956";"2023";"46";"Até 59";"Masculino";"Espírito Santo";"Santa Filomena do Maranhão";"4";"8";"Brasil"
"Tela";"Smartwatch";"165";"91";"2022";"65";"Mais de 60";"Feminino";"Maranhão";"União do Sul";"1";"9";"Brasil"
"Tela";"Smartphone";"53";"654";"2022";"17";"Até 17";"Feminino";"Rio Grande do Sul";"Laranjal Paulista";"6";"8";"Brasil"
"Bateria";"Smartwatch";"490";"642";"2023";"40";"Até 59";"Feminino";"Paraíba";"Itueta";"0";"9";"Brasil"
"Câmera";"Smartwatch";"198";"1065";"2022";"70";"Mais de 60";"Masculino";"Rondônia";"Parintins";"6";"2";"Brasil"
"Câmera";"Smartwatch";"611";"814";"2023";"53";"Até 59";"Masculino";"Piauí";"Avaré";"4";"9";"Brasil"
"Bateria";"Smartwatch";"416";"1345";"2023";"28";"Até 35";"Masculino";"Roraima";"Jaqueira";"6";"2";"Brasil"
"Câmera";"Smartphone";"370";"165";"2023";"32";"Até 35";"Masculino";"Bahia";"Princesa";"4";"6";"Brasil"
"Câmera";"Smartwatch";"361";"1649";"2022";"59";"Até 59";"Feminino";"Espírito Santo";"Carrasco Bonito";"1";"2";"Brasil"
"Tela";"Smartwatch";"615";"1103";"2023";"15";"Até 17";"Feminino";"Sergipe";"Berilo";"0";"1";"Brasil"
"Câmera";"Smartwatch";"350";"61";"2022";"14";"Até 17";"Feminino";"Piauí";"Ladainha";"4";"7";"Brasil"
"Câmera";"Smartphone";"28";"1382";"2023";"14";"Até 17";"Feminino";"Ceará";"Serranópolis";"0";"7";"Brasil"
"Tela";"Smartwatch";"480";"1435";"2022";"61";"Mais de 60";"Feminino";"São Paulo";"Araçariguama";"5";"8";"Brasil"
"Tela";"Smartphone";"830";"1003";"2022";"40";"Até 59";"Masculino";"Tocantins";"Santo Antônio do Aventureiro";"1";"7";"Brasil"
"Bateria";"Smartwatch";"147";"731";"2021";"38";"Até 59";"Feminino";"Paraná";"Matinhas";"4";"10";"Brasil"
"Tela";"Smartwatch";"764";"1141";"2022";"30";"Até 35";"Masculino";"Rio Grande do Norte";"Montividiu";"5";"11";"Brasil"
"Bateria";"Smartphone";"269";"148";"2022";"32";"Até 35";"Masculino";"Bahia";"Princesa";"1";"1";"Brasil"
"Bateria";"Smartphone";"762";"1746";"2022";"55";"Até 59";"Masculino";"Pernambuco";"Ribeirão Grande";"5";"2";"Brasil"
"Bateria";"Smartphone";"591";"1412";"2021";"40";"Até 59";"Masculino";"Piauí";"Santa Tereza do Tocantins";"0";"12";"Brasil"
"Bateria";"Smartphone";"14";"1371";"2022";"26";"Até 35";"Feminino";"Paraíba";"Dona Emma";"3";"1";"Brasil"
"Câmera";"Smartwatch";"299";"883";"2023";"40";"Até 59";"Masculino";"Minas Gerais";"Rio Branco";"2";"1";"Brasil"
"Bateria";"Smartwatch";"458";"1203";"2022";"36";"Até 59";"Feminino";"Ceará";"Céu Azul";"1";"3";"Brasil"
"Bateria";"Headphone";"435";"767";"2022";"43";"Até 59";"Masculino";"Mato Grosso do Sul";"Silvânia";"0";"8";"Brasil"
"Câmera";"Smartphone";"739";"676";"2022";"61";"Mais de 60";"Masculino";"Goiás";"Natalândia";"1";"11";"Brasil"
"Tela";"Smartwatch";"274";"1034";"2023";"49";"Até 59";"Feminino";"Minas Gerais";"Anápolis";"6";"4";"Brasil"
"Tela";"Smartwatch";"772";"383";"2022";"29";"Até 35";"Masculino";"Rio Grande do Norte";"Santa Cruz do Piauí";"1";"3";"Brasil"
